USE vuonquocgia;
-- Chèn dữ liệu vào bảng Habitats
INSERT INTO Habitats (HabitatID, HabitatType, Description) VALUES
('H001', 'Forest', 'Dense forest with diverse flora and fauna'),
('H002', 'Grassland', 'Wide open area with grasses and shrubs'),
('H003', 'Mountain', 'High-altitude regions with rocky terrain'),
('H004', 'Desert', 'Arid region with minimal vegetation and extreme temperatures'),
('H005', 'Wetland', 'Land saturated with water, supporting aquatic plants'),
('H006', 'Ocean', 'Vast saltwater bodies with diverse marine life'),
('H007', 'River', 'Freshwater flowing body that supports aquatic ecosystems'),
('H008', 'Savanna', 'Grassland with scattered trees, typical in tropical regions'),
('H009', 'Tundra', 'Cold and treeless biome with permafrost'),
('H010', 'Coral Reef', 'Underwater ecosystem with coral structures'),
('H011', 'Rainforest', 'Dense forest with high rainfall and biodiversity'),
('H012', 'Mangrove', 'Coastal habitats with salt-tolerant trees'),
('H013', 'Cave', 'Underground habitat providing shelter for specialized species');

-- Chèn dữ liệu vào bảng ParkZones
INSERT INTO ParkZones (ZoneID, ZoneName, Area, Description) VALUES
('Z001', 'North Zone', 500.00, 'Northern section of the park'),
('Z002', 'South Zone', 750.00, 'Southern section of the park'),
('Z003', 'East Zone', 600.00, 'Eastern section with rivers'),
('Z004', 'West Zone', 700.00, 'Western section with rocky terrains'),
('Z005', 'Central Zone', 850.00, 'Central hub with visitor facilities'),
('Z006', 'Lake Zone', 400.00, 'Zone centered around a large lake'),
('Z007', 'Mountain Zone', 950.00, 'High-altitude zone with hiking trails'),
('Z008', 'Desert Zone', 300.00, 'Arid region with unique wildlife'),
('Z009', 'Rainforest Zone', 1200.00, 'Lush area with dense vegetation'),
('Z010', 'Wetland Zone', 450.00, 'Zone with marshy lands and aquatic habitats'),
('Z011', 'Savanna Zone', 650.00, 'Open area with scattered trees and grasslands');

-- Chèn dữ liệu vào bảng Animals
INSERT INTO Animals (AnimalID, CommonName, ScientificName, Family, Species, ConservationStatus, Population, HabitatID) VALUES
('A001', 'Tiger', 'Panthera tigris', 'Felidae', 'Mammal', 'Endangered', 200, 'H001'),
('A002', 'Asian Elephant', 'Elephas maximus', 'Elephantidae', 'Mammal', 'Endangered', 300, 'H002'),
('A003', 'Red Panda', 'Ailurus fulgens', 'Ailuridae', 'Mammal', 'Vulnerable', 2500, 'H003'),
('A004', 'Giant Panda', 'Ailuropoda melanoleuca', 'Ursidae', 'Mammal', 'Vulnerable', 1800, 'H001'),
('A005', 'African Lion', 'Panthera leo', 'Felidae', 'Mammal', 'Vulnerable', 5000, 'H002'),
('A006', 'Asian Black Bear', 'Ursus thibetanus', 'Ursidae', 'Mammal', 'Vulnerable', 1000, 'H003'),
('A007', 'Snow Leopard', 'Panthera uncia', 'Felidae', 'Mammal', 'Endangered', 500, 'H001'),
('A008', 'Wild Boar', 'Sus scrofa', 'Suidae', 'Mammal', 'Least Concern', 10000, 'H002'),
('A009', 'Siberian Tiger', 'Panthera tigris altaica', 'Felidae', 'Mammal', 'Endangered', 500, 'H003'),
('A010', 'Sumatran Orangutan', 'Pongo abelii', 'Hominidae', 'Mammal', 'Critically Endangered', 1000, 'H001'),
('A011', 'Komodo Dragon', 'Varanus komodoensis', 'Varanidae', 'Reptile', 'Endangered', 1500, 'H002'),
('A012', 'King Cobra', 'Ophiophagus hannah', 'Elapidae', 'Reptile', 'Vulnerable', 3000, 'H003'),
('A013', 'Indian Rhino', 'Rhinoceros unicornis', 'Rhinocerotidae', 'Mammal', 'Vulnerable', 3500, 'H001'),
('A014', 'Koala', 'Phascolarctos cinereus', 'Phascolarctidae', 'Mammal', 'Vulnerable', 2000, 'H001'),
('A015', 'Giraffe', 'Giraffa camelopardalis', 'Giraffidae', 'Mammal', 'Vulnerable', 2500, 'H002'),
('A016', 'Cheetah', 'Acinonyx jubatus', 'Felidae', 'Mammal', 'Vulnerable', 5000, 'H003'),
('A017', 'Pygmy Hippopotamus', 'Choeropsis liberiensis', 'Hippopotamidae', 'Mammal', 'Endangered', 2000, 'H001'),
('A018', 'Arctic Fox', 'Vulpes lagopus', 'Canidae', 'Mammal', 'Least Concern', 10000, 'H009'),
('A019', 'Polar Bear', 'Ursus maritimus', 'Ursidae', 'Mammal', 'Vulnerable', 2500, 'H009'),
('A020', 'Penguin', 'Spheniscidae', 'Spheniscidae', 'Bird', 'Least Concern', 15000, 'H010'),
('A021', 'Wolverine', 'Gulo gulo', 'Mustelidae', 'Mammal', 'Near Threatened', 8000, 'H001'),
('A022', 'Macaw', 'Ara macao', 'Psittacidae', 'Bird', 'Least Concern', 10000, 'H011'),
('A023', 'Bison', 'Bison bison', 'Bovidae', 'Mammal', 'Least Concern', 5000, 'H002'),
('A024', 'Sea Otter', 'Enhydra lutris', 'Mustelidae', 'Mammal', 'Endangered', 3000, 'H006'),
('A025', 'Whale Shark', 'Rhincodon typus', 'Rhincodontidae', 'Fish', 'Endangered', 5000, 'H006'),
('A026', 'Jellyfish', 'Cnidaria', 'Cnidariidae', 'Invertebrate', 'Least Concern', 10000, 'H006'),
('A027', 'Clownfish', 'Amphiprioninae', 'Pomacentridae', 'Fish', 'Least Concern', 15000, 'H010'),
('A028', 'Elephant Seal', 'Mirounga angustirostris', 'Phocidae', 'Mammal', 'Least Concern', 15000, 'H010'),
('A029', 'Walrus', 'Odobenus rosmarus', 'Odobenidae', 'Mammal', 'Vulnerable', 8000, 'H009'),
('A030', 'Crocodile', 'Crocodylus', 'Crocodylidae', 'Reptile', 'Least Concern', 10000, 'H005'),
('A031', 'Alligator', 'Alligator mississippiensis', 'Alligatordae', 'Reptile', 'Least Concern', 8000, 'H005'),
('A032', 'Eagle', 'Aquila chrysaetos', 'Accipitridae', 'Bird', 'Least Concern', 12000, 'H006'),
('A033', 'Peregrine Falcon', 'Falco peregrinus', 'Falconidae', 'Bird', 'Least Concern', 15000, 'H001'),
('A034', 'Falcon', 'Falco', 'Falconidae', 'Bird', 'Least Concern', 20000, 'H001'),
('A035', 'Bat', 'Chiroptera', 'Chiropteridae', 'Mammal', 'Least Concern', 5000, 'H004'),
('A036', 'Frog', 'Anura', 'Ranidae', 'Amphibian', 'Least Concern', 10000, 'H005'),
('A037', 'Hummingbird', 'Trochilidae', 'Trochilidae', 'Bird', 'Least Concern', 8000, 'H011'),
('A038', 'Snake', 'Serpentes', 'Colubridae', 'Reptile', 'Least Concern', 15000, 'H005'),
('A039', 'Caiman', 'Caiman crocodilus', 'Alligatordae', 'Reptile', 'Least Concern', 5000, 'H005'),
('A040', 'Ostrich', 'Struthio camelus', 'Struthionidae', 'Bird', 'Least Concern', 10000, 'H002'),
('A041', 'Kangaroo', 'Macropus', 'Macropodidae', 'Mammal', 'Least Concern', 3000, 'H002'),
('A042', 'Koala', 'Phascolarctos cinereus', 'Phascolarctidae', 'Mammal', 'Vulnerable', 4000, 'H003'),
('A043', 'Marmot', 'Marmota', 'Sciuridae', 'Mammal', 'Least Concern', 15000, 'H003'),
('A044', 'Sloth', 'Bradypus', 'Bradypodidae', 'Mammal', 'Least Concern', 7000, 'H003'),
('A045', 'Bald Eagle', 'Haliaeetus leucocephalus', 'Accipitridae', 'Bird', 'Least Concern', 10000, 'H002'),
('A046', 'Crow', 'Corvus', 'Corvidae', 'Bird', 'Least Concern', 25000, 'H004'),
('A047', 'Rabbit', 'Oryctolagus cuniculus', 'Leporidae', 'Mammal', 'Least Concern', 30000, 'H004'),
('A048', 'Beetle', 'Coleoptera', 'Coccinellidae', 'Insect', 'Least Concern', 15000, 'H010'),
('A049', 'Elephant', 'Loxodonta africana', 'Elephantidae', 'Mammal', 'Vulnerable', 5000, 'H003'),
('A050', 'Lionfish', 'Pterois volitans', 'Scorpaenidae', 'Fish', 'Least Concern', 10000, 'H006'),
('A051', 'Tiger Shark', 'Galeocerdo cuvier', 'Carcharhinidae', 'Fish', 'Vulnerable', 5000, 'H001'),
('A052', 'Otter', 'Lutra lutra', 'Mustelidae', 'Mammal', 'Least Concern', 15000, 'H002'),
('A053', 'Heron', 'Ardea herodias', 'Ardeidae', 'Bird', 'Least Concern', 10000, 'H002'),
('A054', 'Vulture', 'Gyps fulvus', 'Accipitridae', 'Bird', 'Least Concern', 7000, 'H004'),
('A055', 'Jaguar', 'Panthera onca', 'Felidae', 'Mammal', 'Near Threatened', 10000, 'H004'),
('A056', 'Cheetah', 'Acinonyx jubatus', 'Felidae', 'Mammal', 'Vulnerable', 1500, 'H003'),
('A057', 'Zebra', 'Equus quagga', 'Equidae', 'Mammal', 'Least Concern', 15000, 'H002'),
('A058', 'Peacock', 'Pavo cristatus', 'Phasianidae', 'Bird', 'Least Concern', 20000, 'H011'),
('A059', 'Parrot', 'Psittaciformes', 'Psittacidae', 'Bird', 'Least Concern', 10000, 'H008'),
('A060', 'Starfish', 'Asteroidea', 'Asteriidae', 'Invertebrate', 'Least Concern', 8000, 'H009'),
('A061', 'Elephant Seal', 'Mirounga angustirostris', 'Phocidae', 'Mammal', 'Least Concern', 15000, 'H010'),
('A062', 'Meerkat', 'Suricata suricatta', 'Herpestidae', 'Mammal', 'Least Concern', 20000, 'H011'),
('A063', 'Whale', 'Cetacea', 'Cetacea', 'Mammal', 'Least Concern', 15000, 'H012'),
('A064', 'Narwhal', 'Monodon monoceros', 'Monodontidae', 'Mammal', 'Least Concern', 12000, 'H013'),
('A065', 'Tiger Shark', 'Galeocerdo cuvier', 'Carcharhinidae', 'Fish', 'Vulnerable', 5000, 'H001'),
('A066', 'Otterhound', 'Otterhound', 'Canidae', 'Mammal', 'Least Concern', 15000, 'H002'),
('A067', 'Koala', 'Phascolarctos cinereus', 'Phascolarctidae', 'Mammal', 'Vulnerable', 8000, 'H003'),
('A068', 'Tiger Fish', 'Hydrocynus', 'Characidae', 'Fish', 'Least Concern', 15000, 'H004'),
('A069', 'Caiman', 'Caiman', 'Alligatordae', 'Reptile', 'Least Concern', 5000, 'H005'),
('A070', 'Hawk', 'Accipiter', 'Accipitridae', 'Bird', 'Least Concern', 10000, 'H006'),
('A071', 'Grizzly Bear', 'Ursus arctos horribilis', 'Ursidae', 'Mammal', 'Least Concern', 3000, 'H007'),
('A072', 'Platypus', 'Ornithorhynchus anatinus', 'Ornithorhynchidae', 'Mammal', 'Least Concern', 10000, 'H008'),
('A073', 'Vulture', 'Gyps', 'Accipitridae', 'Bird', 'Near Threatened', 3000, 'H009'),
('A074', 'Dragonfly', 'Odonata', 'Odonatidae', 'Insect', 'Least Concern', 10000, 'H010'),
('A075', 'Crab', 'Brachyura', 'Grapsidae', 'Invertebrate', 'Least Concern', 8000, 'H011'),
('A076', 'Eagle', 'Aquila', 'Accipitridae', 'Bird', 'Least Concern', 10000, 'H012'),
('A077', 'Crow', 'Corvus', 'Corvidae', 'Bird', 'Least Concern', 20000, 'H013'),
('A078', 'Marmot', 'Marmota', 'Sciuridae', 'Mammal', 'Least Concern', 5000, 'H001'),
('A079', 'Snail', 'Gastropoda', 'Gastropodidae', 'Invertebrate', 'Least Concern', 10000, 'H002'),
('A080', 'Frog', 'Anura', 'Ranidae', 'Amphibian', 'Least Concern', 15000, 'H003'),
('A081', 'Bat', 'Chiroptera', 'Chiropteridae', 'Mammal', 'Least Concern', 10000, 'H004'),
('A082', 'Coyote', 'Canis latrans', 'Canidae', 'Mammal', 'Least Concern', 15000, 'H005'),
('A083', 'Pygmy Hippo', 'Choeropsis liberiensis', 'Hippopotamidae', 'Mammal', 'Vulnerable', 2000, 'H006'),
('A084', 'Komodo Dragon', 'Varanus komodoensis', 'Varanidae', 'Reptile', 'Vulnerable', 1500, 'H007'),
('A085', 'Heron', 'Ardea herodias', 'Ardeidae', 'Bird', 'Least Concern', 5000, 'H008'),
('A086', 'Lynx', 'Lynx lynx', 'Felidae', 'Mammal', 'Least Concern', 8000, 'H009'),
('A087', 'Seagull', 'Larus', 'Laridae', 'Bird', 'Least Concern', 15000, 'H010'),
('A088', 'Penguin', 'Spheniscidae', 'Spheniscidae', 'Bird', 'Least Concern', 10000, 'H011'),
('A089', 'Kookaburra', 'Dacelo', 'Alcedinidae', 'Bird', 'Least Concern', 12000, 'H012'),
('A090', 'Hawk', 'Accipiter', 'Accipitridae', 'Bird', 'Least Concern', 15000, 'H013'),
('A091', 'Cheetah', 'Acinonyx jubatus', 'Felidae', 'Mammal', 'Vulnerable', 1500, 'H001'),
('A092', 'Bald Eagle', 'Haliaeetus leucocephalus', 'Accipitridae', 'Bird', 'Least Concern', 10000, 'H002'),
('A093', 'Jaguar', 'Panthera onca', 'Felidae', 'Mammal', 'Near Threatened', 2000, 'H003'),
('A094', 'Bison', 'Bison bison', 'Bovidae', 'Mammal', 'Least Concern', 12000, 'H004'),
('A095', 'Ostrich', 'Struthio camelus', 'Struthionidae', 'Bird', 'Least Concern', 15000, 'H005'),
('A096', 'Bat', 'Chiroptera', 'Chiropteridae', 'Mammal', 'Least Concern', 20000, 'H006'),
('A097', 'Zebra', 'Equus quagga', 'Equidae', 'Mammal', 'Least Concern', 15000, 'H007'),
('A098', 'Hummingbird', 'Trochilidae', 'Trochilidae', 'Bird', 'Least Concern', 10000, 'H008'),
('A099', 'Cheetah', 'Acinonyx jubatus', 'Felidae', 'Mammal', 'Vulnerable', 1000, 'H009'),
('A100', 'Whale', 'Cetacea', 'Cetacea', 'Mammal', 'Least Concern', 15000, 'H010'),
('A101', 'Narwhal', 'Monodon monoceros', 'Monodontidae', 'Mammal', 'Least Concern', 12000, 'H011');

-- Chèn dữ liệu vào bảng AnimalLocations
INSERT INTO AnimalLocations (AnimalLocationID, AnimalID, ZoneID, DateObserved) VALUES
('AL001', 'A001', 'Z001', '2024-01-15'),
('AL002', 'A002', 'Z002', '2024-01-16'),
('AL003', 'A003', 'Z003', '2024-01-17'),
('AL004', 'A007', 'Z003', '2024-04-03'),
('AL005', 'A010', 'Z008', '2022-01-25'),
('AL006', 'A014', 'Z010', '2023-03-14'),
('AL007', 'A006', 'Z004', '2024-08-21'),
('AL008', 'A005', 'Z006', '2023-11-10'),
('AL009', 'A011', 'Z009', '2021-07-18'),
('AL010', 'A008', 'Z002', '2024-02-06'),
('AL011', 'A013', 'Z011', '2022-06-30'),
('AL012', 'A004', 'Z001', '2023-10-22'),
('AL013', 'A009', 'Z008', '2024-05-03'),
('AL014', 'A015', 'Z007', '2022-09-09'),
('AL015', 'A012', 'Z005', '2023-01-12'),
('AL016', 'A017', 'Z011', '2024-07-19'),
('AL017', 'A018', 'Z006', '2023-04-05'),
('AL018', 'A020', 'Z002', '2021-11-27'),
('AL019', 'A019', 'Z003', '2022-02-16'),
('AL020', 'A021', 'Z009', '2023-05-09'),
('AL021', 'A022', 'Z004', '2021-10-10'),
('AL022', 'A016', 'Z010', '2024-09-30');

INSERT INTO Staff (StaffID, FullName, Role, ContactInfo, ZoneID) VALUES
('S001', 'John Doe', 'Researcher', 'john.doe1234X@vuonqg.com', NULL),
('S002', 'Jane Smith', 'Veterinarian', 'jane.smith5678Y@vuonqg.com', NULL),
('S003', 'Alice Brown', 'Park Ranger', 'alice.brown9101Z@vuonqg.com', 'Z003'),
('S004', 'Jane Smith', 'Veterinarian', 'jane.smith1123P@vuonqg.com', NULL),
('S005', 'Charlie White', 'Park Ranger', 'charlie.white4156Q@vuonqg.com', NULL),
('S006', 'Ethan Black', 'Veterinarian', 'ethan.black7890R@vuonqg.com', NULL),
('S007', 'Fiona Gray', 'Park Ranger', 'fiona.gray2345S@vuonqg.com', 'Z006'),
('S008', 'George Blue', 'Veterinarian', 'george.blue6789T@vuonqg.com', NULL),
('S009', 'Hannah Yellow', 'Researcher', 'hannah.yellow1234U@vuonqg.com', 'Z004'),
('S010', 'Ian Red', 'Park Ranger', 'ian.red5678V@vuonqg.com', NULL),
('S011', 'Jack Purple', 'Veterinarian', 'jack.purple9101W@vuonqg.com', 'Z007'),
('S012', 'Katherine Pink', 'Park Ranger', 'katherine.pink1123X@vuonqg.com', NULL),
('S013', 'Louis Orange', 'Researcher', 'louis.orange4156Y@vuonqg.com', 'Z008'),
('S014', 'Mona Violet', 'Park Ranger', 'mona.violet7890Z@vuonqg.com', NULL),
('S015', 'Nina Brown', 'Veterinarian', 'nina.brown2345P@vuonqg.com', 'Z005'),
('S016', 'Oliver Gray', 'Researcher', 'oliver.gray6789Q@vuonqg.com', NULL),
('S017', 'Peter White', 'Park Ranger', 'peter.white1234R@vuonqg.com', 'Z011'),
('S018', 'Quincy Blue', 'Veterinarian', 'quincy.blue5678S@vuonqg.com', NULL),
('S019', 'Rachel Green', 'Event Coordinator', 'rachel.green9101T@vuonqg.com', 'Z010'),
('S020', 'Samuel Black', 'Security Staff', 'samuel.black1123U@vuonqg.com', 'Z009'),
('S021', 'Robert Green', 'Park Director', 'robert.green2345V@vuonqg.com', NULL),
('S022', 'David Black', 'Security Staff', 'david.black6789W@vuonqg.com', NULL),
('S023', 'Eva Brown', 'Veterinarian', 'eva.brown1234X@vuonqg.com', NULL),
('S024', 'Frank Blue', 'Cleaning Staff', 'frank.blue5678Y@vuonqg.com', NULL),
('S025', 'Grace Yellow', 'Event Coordinator', 'grace.yellow9101Z@vuonqg.com', NULL),
('S026', 'Harry Red', 'Tour Guide', 'harry.red2345P@vuonqg.com', NULL),
('S027', 'Ivy Orange', 'Receptionist', 'ivy.orange6789Q@vuonqg.com', NULL),
('S028', 'Jack Pink', 'Tour Guide', 'jack.pink1234R@vuonqg.com', NULL),
('S029', 'Kathy Violet', 'Resource Manager', 'kathy.violet5678S@vuonqg.com',NULL),
('S030', 'Leo Grey', 'Security Staff', 'leo.grey9101T@vuonqg.com', NULL),
('S031', 'Mason Brown', 'Event Coordinator', 'mason.brown2345U@vuonqg.com', NULL);

-- Chèn dữ liệu vào bảng Research
INSERT INTO Research (ResearchID, Title, AnimalID, StaffID, StartDate, EndDate, Findings) VALUES
('R001', 'Lion Behavior in the Wild', 'A005', 'S010', '2022-12-20', '2024-11-25', 'Study of African Lion hunting and social behavior'),
('R002', 'Red Panda Population Dynamics', 'A003', 'S019', '2022-09-10', '2026-05-15', 'Research on red panda population changes and environmental factors'),
('R003', 'Sumatran Orangutan Habitat Loss', 'A010', 'S018', '2022-11-25', '2026-03-10', 'Research on the impact of habitat loss on Sumatran Orangutans'),
('R004', 'King Cobra Population in Southeast Asia', 'A012', 'S008', '2022-10-01', '2027-02-15', 'Population study of King Cobras and their habitat'),
('R005', 'Asian Black Bear Activity Monitoring', 'A006', 'S015', '2022-10-15', '2026-07-12', 'Monitoring the daily activities and diet of the Asian Black Bear'),
('R006', 'Pygmy Hippopotamus Feeding Habits', 'A017', 'S005', '2022-10-10', '2025-11-30', 'Research into the feeding behavior and diet of Pygmy Hippos'),
('R007', 'Komodo Dragon Diet and Health', 'A011', 'S004', '2022-12-18', '2025-05-21', 'Diet analysis and health status of the Komodo Dragon population'),
('R008', 'Whale Shark Population Study', 'A025', 'S011', '2022-12-05', '2025-12-10', 'Research on the population size and migration of Whale Sharks'),
('R009', 'Penguin Behavior in Changing Climate', 'A020', 'S003', '2022-10-20', '2026-07-15', 'Study on the impact of climate change on penguin behavior and breeding'),
('R010', 'Arctic Fox Migration Patterns', 'A018', 'S001', '2022-11-30', '2024-12-15', 'Study on the seasonal migration patterns of the Arctic Fox'),
('R011', 'Cheetah Hunting Techniques', 'A016', 'S013', '2022-12-20', '2025-10-22', 'Study of Cheetah hunting strategies and success rates'),
('R012', 'Siberian Tiger Tracking', 'A009', 'S017', '2017-09-05', '2024-01-15', 'Tracking the Siberian Tiger through Siberian forests'),
('R013', 'Snow Leopard Conservation Strategies', 'A007', 'S016', '2022-11-01', '2025-10-30', 'Study focused on conservation strategies for the Snow Leopard'),
('R014', 'Bison Migration and Herd Structure', 'A023', 'S009', '2018-12-01', '2024-08-10', 'Study of migration patterns and social structure in Bison herds'),
('R015', 'Tiger Habitat Study', 'A001', 'S001', '2018-12-15', '2023-09-10', 'Study on tiger behavior and habitat needs'),
('R016', 'Wolverine Territory Mapping', 'A021', 'S014', '2017-11-10', '2024-12-05', 'Mapping the territory of Wolverines across North America'),
('R017', 'Giraffe Breeding Behavior', 'A015', 'S007', '2022-12-01', '2026-08-05', 'Study of giraffe mating behavior and birth rates'),
('R018', 'Asian Elephant Migration', 'A002', 'S009', '2019-11-05', '2023-12-20', 'Tracking elephant migration patterns'),
('R019', 'Giant Panda Breeding Patterns', 'A004', 'S003', '2020-12-01', '2026-06-30', 'Study on the breeding and rearing patterns of Giant Pandas'),
('R020', 'Indian Rhino Habitat Study', 'A013', 'S002', '2021-12-10', '2025-11-30', 'Research on the endangered habitat of the Indian Rhino'),
('R021', 'Polar Bear Sea Ice Tracking', 'A019', 'S020', '2022-12-05', '2026-09-30', 'Tracking the polar bear movements relative to sea ice loss'),
('R022', 'Koala Population Survey', 'A014', 'S019', '2022-11-15', '2027-05-10', 'Survey on the declining population of Koalas in Australia'),
('R023', 'Macaw Population in Rainforests', 'A022', 'S017', '2022-09-25', '2027-04-30', 'Study of Macaw population dynamics in tropical rainforests'),
('R024', 'Lion Behavior in the Wild', 'A005', 'S010', '2022-12-20', '2024-11-25', 'Study of African Lion hunting and social behavior'),
('R025', 'Sea Otter Habitat and Feeding Patterns', 'A024', 'S012', '2022-10-01', '2023-06-20', 'Research on sea otter feeding habits and environmental needs');

-- Chèn dữ liệu vào bảng Tourists
INSERT INTO Tourists (TouristID, FullName, VisitDate, ZoneID, Feedback) VALUES
('T001', 'John Doe', '2023-06-15', 'Z007', 'Great experience in the Mountain Zone'),
('T002', 'Jane Smith', '2023-06-15', 'Z009', NULL),
('T003', 'Michael Brown', '2023-06-15', 'Z011', 'The Savanna Zone was amazing'),
('T004', 'Emily Green', '2023-06-16', 'Z005', 'Central Zone was fantastic'),
('T005', 'David White', '2023-06-17', 'Z002', 'Enjoyed the South Zone'),
('T006', 'Sophia Black', '2023-06-17', 'Z003', 'East Zone has stunning views'),
('T007', 'Liam Blue', '2023-06-18', 'Z006', NULL),
('T008', 'Olivia Gray', '2023-06-19', 'Z010', 'Wetland Zone was full of life'),
('T009', 'Charlotte Red', '2023-06-19', 'Z004', 'West Zone’s rocky terrain was amazing'),
('T010', 'James Yellow', '2023-06-20', 'Z008', 'Desert Zone had a unique charm'),
('T011', 'Ethan Pink', '2023-06-21', 'Z007', 'Mountain Zone was breathtaking'),
('T012', 'Mia Purple', '2023-06-21', 'Z005', 'Central Zone had great facilities'),
('T013', 'Noah Brown', '2023-06-22', 'Z011', NULL),
('T014', 'Isabella Gold', '2023-06-23', 'Z009', 'Rainforest Zone was lush and green'),
('T015', 'Lucas Silver', '2023-06-23', 'Z002', 'South Zone’s animals were impressive'),
('T016', 'Amelia Bronze', '2023-06-24', 'Z006', 'Lake Zone is peaceful'),
('T017', 'Jackson Copper', '2023-06-25', 'Z003', NULL),
('T018', 'Grace Blue', '2023-06-26', 'Z008', 'Desert Zone was very dry but beautiful'),
('T019', 'Benjamin Indigo', '2023-06-27', 'Z004', 'West Zone had rocky beauty'),
('T020', 'Ava Emerald', '2023-06-27', 'Z010', 'Wetlands Zone had great birds'),
('T021', 'Harper Coral', '2023-06-28', 'Z001', 'The Northern Zone was cold but refreshing'),
('T022', 'Mason Scarlet', '2023-06-28', 'Z007', 'Mountain Zone had a great view of the city'),
('T023', 'Lily Violet', '2023-06-29', 'Z009', NULL),
('T024', 'James Orange', '2023-07-01', 'Z002', 'The South Zone was beautiful'),
('T025', 'Ethan Lime', '2023-07-01', 'Z006', NULL),
('T026', 'Amelia Teal', '2023-07-02', 'Z008', 'Desert Zone was hot but exciting'),
('T027', 'Benjamin Aqua', '2023-07-02', 'Z004', 'West Zone is rugged and peaceful'),
('T028', 'Olivia Brown', '2023-07-03', 'Z010', 'Wetlands had interesting wildlife'),
('T029', 'Mason Olive', '2023-07-03', 'Z011', 'The Savanna Zone was fantastic'),
('T030', 'Lucas Silver', '2023-07-04', 'Z009', NULL),
('T031', 'Sophia Jade', '2023-07-05', 'Z007', 'Mountain views were breathtaking'),
('T032', 'Mason White', '2023-07-06', 'Z006', 'Lake Zone was serene'),
('T033', 'Noah Coral', '2023-07-06', 'Z003', 'East Zone was an adventure'),
('T034', 'Emily Pink', '2023-07-07', 'Z002', 'South Zone was lively'),
('T035', 'Jackson Green', '2023-07-08', 'Z005', 'The Central Zone was great'),
('T036', 'Lily Yellow', '2023-07-09', 'Z010', 'Wetland Zone was full of life'),
('T037', 'David Blue', '2023-07-09', 'Z004', 'West Zone had an amazing view'),
('T038', 'Sophia Violet', '2023-07-10', 'Z011', 'Savanna Zone is lovely'),
('T039', 'Ethan Red', '2023-07-11', 'Z008', 'Desert Zone was impressive'),
('T040', 'Olivia Pink', '2023-07-12', 'Z009', 'Rainforest was beautiful'),
('T041', 'Benjamin Green', '2023-07-13', 'Z006', 'Lake Zone was amazing'),
('T042', 'Grace Aqua', '2023-07-14', 'Z007', 'Mountain Zone was peaceful'),
('T043', 'Mason Copper', '2023-07-15', 'Z005', NULL),
('T044', 'Amelia Emerald', '2023-07-16', 'Z003', 'East Zone is full of adventures'),
('T045', 'Jackson Bronze', '2023-07-17', 'Z002', 'South Zone was relaxing'),
('T046', 'Ava Gold', '2023-07-18', 'Z006', 'Lake Zone had great wildlife'),
('T047', 'Lucas Copper', '2023-07-19', 'Z007', 'Mountain Zone was beautiful'),
('T048', 'Mason Emerald', '2023-07-20', 'Z004', NULL),
('T049', 'Sophia Bronze', '2023-07-21', 'Z010', 'Wetlands were very peaceful'),
('T050', 'Noah Red', '2023-07-22', 'Z008', 'Desert Zone was quiet but fascinating'),
('T051', 'James Silver', '2023-07-23', 'Z003', 'East Zone had great trails'),
('T052', 'Emily Copper', '2023-07-24', 'Z005', 'Central Zone had perfect facilities'),
('T053', 'Liam Green', '2023-07-25', 'Z011', 'Savanna Zone is fantastic'),
('T054', 'David Pink', '2023-07-26', 'Z009', 'Rainforest had great biodiversity'),
('T055', 'Sophia Yellow', '2023-07-27', 'Z006', NULL),
('T056', 'Lucas Jade', '2023-07-28', 'Z003', NULL),
('T057', 'Mason Violet', '2023-07-29', 'Z002', 'South Zone is lively and vibrant'),
('T058', 'Olivia Copper', '2023-07-30', 'Z010', 'Wetland Zone was peaceful'),
('T059', 'Benjamin Gold', '2023-07-31', 'Z007', NULL),
('T060', 'Grace Scarlet', '2023-08-01', 'Z004', 'West Zone had great views'),
('T061', 'Harper Yellow', '2023-08-02', 'Z008', 'Desert Zone was fascinating'),
('T062', 'Mason Teal', '2023-08-03', 'Z005', NULL),
('T063', 'Lucas Red', '2023-08-04', 'Z011', 'Savanna Zone had incredible wildlife'),
('T064', 'Sophia Silver', '2023-08-05', 'Z009', 'Rainforest Zone was magnificent'),
('T065', 'David Gold', '2023-08-06', 'Z003', 'East Zone was beautiful'),
('T066', 'Emily Teal', '2023-08-07', 'Z006', 'Lake Zone had perfect tranquility'),
('T067', 'Liam Aqua', '2023-08-08', 'Z007', NULL),
('T068', 'Harper Violet', '2023-08-09', 'Z004', 'West Zone was rugged and peaceful'),
('T069', 'James Jade', '2023-08-10', 'Z010', NULL),
('T070', 'Ava Teal', '2023-08-11', 'Z005', 'Central Zone had a variety of animals'),
('T071', 'Grace Red', '2023-08-12', 'Z003', 'East Zone was full of life'),
('T072', 'Mason Coral', '2023-08-13', 'Z007', 'Mountain Zone had beautiful views'),
('T073', 'Sophia Blue', '2023-08-14', 'Z011', NULL),
('T074', 'David Yellow', '2023-08-15', 'Z006', 'Lake Zone was peaceful and serene'),
('T075', 'Liam Green', '2023-08-16', 'Z004', 'West Zone was adventurous'),
('T076', 'Emily White', '2023-08-17', 'Z009', 'Rainforest Zone was dense and lush'),
('T077', 'James Pink', '2023-08-18', 'Z008', 'Desert Zone was beautiful but hot'),
('T078', 'Olivia Green', '2023-08-19', 'Z003', NULL),
('T079', 'Mason Violet', '2023-08-20', 'Z007', 'Mountain Zone was perfect for hiking'),
('T080', 'Sophia Red', '2023-08-21', 'Z006', 'Lake Zone was peaceful'),
('T081', 'Lucas Yellow', '2023-08-22', 'Z010', NULL),
('T082', 'Ava Coral', '2023-08-23', 'Z004', 'West Zone was quiet but beautiful'),
('T083', 'Benjamin Green', '2023-08-24', 'Z009', 'Rainforest Zone was lush and vibrant'),
('T084', 'Lily Blue', '2023-08-25', 'Z007', 'Mountain Zone had perfect views'),
('T085', 'Grace Violet', '2023-08-26', 'Z005', NULL),
('T086', 'Ethan Blue', '2023-08-27', 'Z008', 'Desert Zone was hot but beautiful'),
('T087', 'Amelia Green', '2023-08-28', 'Z011', 'Savanna Zone is incredible'),
('T088', 'Benjamin Brown', '2023-08-29', 'Z004', NULL),
('T089', 'Olivia Purple', '2023-08-30', 'Z009', 'Rainforest was full of life'),
('T090', 'Sophia Red', '2023-08-31', 'Z006', 'Lake Zone was quiet and serene'),
('T091', 'Mason Orange', '2023-09-01', 'Z005', 'Central Zone had everything I needed'),
('T092', 'Ethan Yellow', '2023-09-02', 'Z007', 'Mountain Zone was amazing'),
('T093', 'Isabella Teal', '2023-09-03', 'Z002', NULL),
('T094', 'Lucas Jade', '2023-09-04', 'Z011', 'Savanna Zone had incredible views'),
('T095', 'Grace Blue', '2023-09-05', 'Z010', 'Wetland Zone is so peaceful'),
('T096', 'Noah White', '2023-09-06', 'Z003', 'East Zone was full of greenery'),
('T097', 'Amelia Coral', '2023-09-07', 'Z008', 'Desert Zone was a unique experience'),
('T098', 'James Green', '2023-09-08', 'Z004', 'West Zone was great for hiking'),
('T099', 'Sophia Black', '2023-09-09', 'Z006', 'Lake Zone had great birdwatching'),
('T100', 'Liam Brown', '2023-09-10', 'Z007', 'Mountain Zone is perfect for nature lovers'),
('T101', 'Olivia Pink', '2023-09-11', 'Z011', 'Savanna Zone was great for safari'),
('T102', 'Mason Violet', '2023-09-12', 'Z005', 'Central Zone was fantastic'),
('T103', 'Emily Silver', '2023-09-13', 'Z009', NULL),
('T104', 'Lucas Copper', '2023-09-14', 'Z002', 'South Zone was full of surprises'),
('T105', 'James Teal', '2023-09-15', 'Z003', 'East Zone was perfect for trekking'),
('T106', 'Sophia Bronze', '2023-09-16', 'Z007', 'Mountain Zone had the best view'),
('T107', 'Mason Blue', '2023-09-17', 'Z010', 'Wetlands were beautiful'),
('T108', 'Ava Copper', '2023-09-18', 'Z008', 'Desert Zone was a fun adventure'),
('T109', 'Liam Gold', '2023-09-19', 'Z004', 'West Zone had stunning scenery'),
('T110', 'Olivia Bronze', '2023-09-20', 'Z005', 'Central Zone was very busy but nice'),
('T111', 'Benjamin Aqua', '2023-09-21', 'Z009', 'Rainforest was alive with nature'),
('T112', 'Sophia Violet', '2023-09-22', 'Z011', 'Savanna Zone had amazing wildlife'),
('T113', 'Ethan Red', '2023-09-23', 'Z002', NULL),
('T114', 'Amelia Pink', '2023-09-24', 'Z006', 'Lake Zone was peaceful and quiet'),
('T115', 'David Blue', '2023-09-25', 'Z007', 'Mountain Zone had incredible views'),
('T116', 'Mason Coral', '2023-09-26', 'Z004', 'West Zone was a great hiking spot'),
('T117', 'Isabella Yellow', '2023-09-27', 'Z003', 'East Zone had the best trails'),
('T118', 'James Gold', '2023-09-28', 'Z010', NULL),
('T119', 'Sophia Green', '2023-09-29', 'Z008', 'Desert Zone was peaceful'),
('T120', 'Mason Brown', '2023-09-30', 'Z005', 'Central Zone is great for visitors'),
('T121', 'Lucas Teal', '2023-10-01', 'Z011', 'Savanna Zone was exciting'),
('T122', 'Emily Copper', '2023-10-02', 'Z002', 'South Zone was full of nature'),
('T123', 'Benjamin Violet', '2023-10-03', 'Z003', 'East Zone was full of life'),
('T124', 'Olivia Yellow', '2023-10-04', 'Z009', 'Rainforest had great plants'),
('T125', 'Sophia Orange', '2023-10-05', 'Z007', 'Mountain Zone was very peaceful'),
('T126', 'Mason Jade', '2023-10-06', 'Z004', 'West Zone had unique wildlife'),
('T127', 'Grace Pink', '2023-10-07', 'Z008', 'Desert Zone had beautiful landscapes'),
('T128', 'Liam Silver', '2023-10-08', 'Z010', NULL),
('T129', 'Emily Red', '2023-10-09', 'Z011', 'Savanna Zone was beautiful'),
('T130', 'Noah Violet', '2023-10-10', 'Z002', 'South Zone had lovely animals'),
('T131', 'Ava Coral', '2023-10-11', 'Z006', 'Lake Zone is serene'),
('T132', 'Mason Pink', '2023-10-12', 'Z005', 'Central Zone was lively'),
('T133', 'James Copper', '2023-10-13', 'Z003', 'East Zone was full of nature'),
('T134', 'Liam Coral', '2023-10-14', 'Z007', NULL),
('T135', 'Benjamin Gold', '2023-10-15', 'Z008', 'Desert Zone was an adventure'),
('T136', 'Sophia Green', '2023-10-16', 'Z009', 'Rainforest Zone was stunning'),
('T137', 'Amelia Teal', '2023-10-17', 'Z010', 'Wetlands Zone was alive with birds'),
('T138', 'David White', '2023-10-18', 'Z011', NULL),
('T139', 'James Blue', '2023-10-19', 'Z003', 'East Zone was perfect for hiking'),
('T140', 'Emily Violet', '2023-10-20', 'Z005', 'Central Zone had great wildlife'),
('T141', 'Lucas Red', '2023-10-21', 'Z004', 'West Zone had incredible views'),
('T142', 'Sophia Pink', '2023-10-22', 'Z007', 'Mountain Zone was beautiful'),
('T143', 'Olivia Yellow', '2023-10-23', 'Z006', 'Lake Zone is very calm'),
('T144', 'Ethan Green', '2023-10-24', 'Z002', 'South Zone is lovely'),
('T145', 'Amelia Blue', '2023-10-25', 'Z008', NULL),
('T146', 'Mason White', '2023-10-26', 'Z009', 'Rainforest Zone had great biodiversity'),
('T147', 'Lucas Pink', '2023-10-27', 'Z003', NULL),
('T148', 'Olivia Brown', '2023-10-28', 'Z011', 'Savanna Zone is an unforgettable experience'),
('T149', 'Benjamin Coral', '2023-10-29', 'Z006', 'Lake Zone is perfect for relaxation'),
('T150', 'Sophia Red', '2023-10-30', 'Z004', NULL),
('T151', 'James Yellow', '2023-10-31', 'Z007', 'Mountain Zone had amazing views'),
('T152', 'Mason Green', '2023-11-01', 'Z010', 'Wetland Zone was full of birds'),
('T153', 'Liam Blue', '2023-11-02', 'Z005', 'Central Zone had great attractions'),
('T154', 'Olivia Violet', '2023-11-03', 'Z008', 'Desert Zone was very dry but interesting'),
('T155', 'Sophia Copper', '2023-11-04', 'Z009', 'Rainforest Zone was full of exotic plants'),
('T156', 'Emily Red', '2023-11-05', 'Z011', 'Savanna Zone is a must-visit'),
('T157', 'James Violet', '2023-11-06', 'Z003', NULL),
('T158', 'Benjamin Orange', '2023-11-07', 'Z007', 'Mountain Zone was peaceful and beautiful'),
('T159', 'Olivia Copper', '2023-11-08', 'Z004', 'West Zone was rocky but enjoyable'),
('T160', 'Sophia Brown', '2023-11-09', 'Z002', 'South Zone had lots of animals'),
('T161', 'Ethan Coral', '2023-11-10', 'Z006', NULL),
('T162', 'Amelia Green', '2023-11-11', 'Z009', NULL),
('T163', 'Mason Blue', '2023-11-12', 'Z005', NULL),
('T164', 'Lucas Violet', '2023-11-13', 'Z003', 'East Zone had great views'),
('T165', 'Emily Silver', '2023-11-14', 'Z007', 'Mountain Zone had a perfect view'),
('T166', 'Sophia Red', '2023-11-15', 'Z011', 'Savanna Zone had incredible wildlife'),
('T167', 'James Yellow', '2023-11-16', 'Z004', 'West Zone was a bit challenging'),
('T168', 'Olivia Pink', '2023-11-17', 'Z008', 'Desert Zone had unique landscapes'),
('T169', 'Sophia Green', '2023-11-18', 'Z006', NULL),
('T170', 'Mason Blue', '2023-11-19', 'Z009', 'Rainforest was peaceful'),
('T171', 'Emily White', '2023-11-20', 'Z010', 'Wetlands were serene'),
('T172', 'Liam Violet', '2023-11-21', 'Z004', NULL),
('T173', 'Olivia Brown', '2023-11-22', 'Z011', 'Savanna Zone was great'),
('T174', 'Mason Yellow', '2023-11-23', 'Z007', 'Mountain Zone was a bit tough'),
('T175', 'Sophia Orange', '2023-11-24', 'Z002', 'South Zone was calm'),
('T176', 'Benjamin Green', '2023-11-25', 'Z003', 'East Zone was fun'),
('T177', 'Olivia Copper', '2023-11-26', 'Z009', NULL),
('T178', 'Sophia Brown', '2023-11-27', 'Z004', 'West Zone had great wildlife'),
('T179', 'James Pink', '2023-11-28', 'Z008', 'Desert Zone was hot'),
('T180', 'Emily Teal', '2023-11-29', 'Z005', 'Central Zone was convenient'),
('T181', 'Lucas Green', '2023-11-30', 'Z007', 'Mountain Zone had scenic trails'),
('T182', 'Sophia Violet', '2023-12-01', 'Z002', NULL),
('T183', 'Amelia Pink', '2023-12-02', 'Z006', 'Lake Zone was quiet and peaceful'),
('T184', 'James Brown', '2023-12-03', 'Z003', 'East Zone had many adventures'),
('T185', 'Lucas Yellow', '2023-12-04', 'Z009', 'Rainforest Zone had lovely plants'),
('T186', 'Sophia Copper', '2023-12-05', 'Z005', NULL),
('T187', 'Emily Green', '2023-12-06', 'Z010', NULL),
('T188', 'Mason Violet', '2023-12-07', 'Z007', 'Mountain Zone had perfect views'),
('T189', 'David Blue', '2023-12-08', 'Z008', 'Desert Zone was dry but nice'),
('T190', 'Olivia Pink', '2023-12-09', 'Z004', 'West Zone was great for hiking'),
('T191', 'Ethan Red', '2023-12-10', 'Z002', 'South Zone was peaceful'),
('T192', 'Mason Brown', '2023-12-11', 'Z006', 'Lake Zone had birds and fish'),
('T193', 'Olivia White', '2023-12-12', 'Z005', NULL),
('T194', 'Sophia Red', '2023-12-13', 'Z003', 'East Zone had stunning views'),
('T195', 'James Yellow', '2023-12-14', 'Z007', 'Mountain Zone was amazing'),
('T196', 'Amelia Violet', '2023-12-15', 'Z009', 'Rainforest was full of life'),
('T197', 'Lucas Copper', '2023-12-16', 'Z010', 'Wetlands were wonderful'),
('T198', 'Emily Teal', '2023-12-17', 'Z004', 'West Zone was perfect'),
('T199', 'Mason Yellow', '2023-12-18', 'Z008', NULL),
('T200', 'David Pink', '2023-12-19', 'Z005', 'Central Zone was busy but enjoyable'),
('T201', 'Sophia Green', '2023-12-20', 'Z011', NULL),
('T202', 'James Silver', '2023-12-21', 'Z002', 'South Zone had a great experience'),
('T203', 'Mason Copper', '2023-12-22', 'Z009', 'Rainforest Zone was amazing'),
('T204', 'Olivia Brown', '2023-12-23', 'Z006', 'Lake Zone was peaceful'),
('T205', 'Ethan Gold', '2023-12-24', 'Z003', 'East Zone had perfect views'),
('T206', 'Sophia Orange', '2023-12-25', 'Z010', 'Wetlands were tranquil'),
('T207', 'Lucas Violet', '2023-12-26', 'Z007', 'Mountain Zone was a great place to relax'),
('T208', 'Mason Blue', '2023-12-27', 'Z008', 'Desert Zone had amazing views'),
('T209', 'Olivia Copper', '2023-12-28', 'Z005', NULL),
('T210', 'Emily Green', '2023-12-29', 'Z003', NULL),
('T211', 'David Brown', '2023-12-30', 'Z007', 'Mountain Zone was a perfect getaway');

-- Chèn dữ liệu vào bảng Events
INSERT INTO Events (EventID, EventName, Date, ZoneID, Description) VALUES
('E001', 'Wildlife Awareness Camp', '2024-03-10', 'Z001', 'A camp to raise awareness about wildlife conservation'),
('E002', 'Photography Workshop', '2024-03-10', 'Z002', 'Learn wildlife photography techniques'),
('E003', 'Nature Walk', '2024-03-12', 'Z003', 'Guided tour through mountain trails'),
('E004', 'Wildlife Photography Contest', '2024-03-14', 'Z004', 'Photography contest focusing on wild animals'),
('E005', 'Bird Watching Tour', '2024-03-15', 'Z005', 'Guided bird watching tour with experts'),
('E006', 'Mountain Hiking Expedition', '2024-03-15', 'Z007', 'Hiking tour to explore the mountain zone'),
('E007', 'Desert Safari', '2024-03-18', 'Z008', 'Safari tour through desert landscapes'),
('E008', 'Wetland Exploration', '2024-03-18', 'Z010', 'Exploring the unique ecosystem of wetlands'),
('E009', 'Rainforest Adventure', '2024-03-20', 'Z009', 'Experience the biodiversity of rainforest zones'),
('E010', 'Eco-Tourism Seminar', '2024-03-20', 'Z003', 'Seminar on sustainable eco-tourism practices'),
('E011', 'Savanna Sunset View', '2024-03-22', 'Z011', 'An evening event to enjoy the sunset over the savanna'),
('E012', 'Lake Zone Guided Tour', '2024-03-23', 'Z006', 'Guided tour to explore the lake zone and its biodiversity'),
('E013', 'Photography Contest - Nature', '2024-03-25', 'Z001', 'Nature photography contest with themes from the North Zone'),
('E014', 'Wetland Wildlife Photography', '2024-03-27', 'Z010', 'Wildlife photography in wetland habitats'),
('E015', 'Volunteer Conservation Program', '2024-03-28', 'Z002', 'Join the conservation effort in the South Zone'),
('E016', 'Desert Survival Workshop', '2024-03-30', 'Z008', 'Learn survival techniques in the desert'),
('E017', 'Park Management and Conservation', '2024-04-02', 'Z004', 'Conference on park management and wildlife conservation'),
('E018', 'Rainforest Expedition', '2024-04-04', 'Z009', 'Expedition through the rainforest with ecologists'),
('E019', 'Herbivore Spotting Tour', '2024-04-05', 'Z007', 'Spotting herbivores in the Mountain Zone'),
('E020', 'Eco-Friendly Practices Exhibition', '2024-04-06', 'Z001', 'Exhibition showcasing eco-friendly practices for parks'),
('E021', 'Nature Photography 101', '2024-04-08', 'Z005', 'Workshop on basic photography techniques for nature lovers'),
('E022', 'Park Rangers Training', '2024-04-10', 'Z003', 'Training program for new park rangers in the East Zone'),
('E023', 'Central Zone Community Gathering', '2024-04-12', 'Z005', 'Community event in the heart of the park'),
('E024', 'Rainforest Wildlife Tracking', '2024-04-13', 'Z009', 'Tracking wildlife species in the rainforest zone'),
('E025', 'Wildlife Habitat Restoration Program', '2024-04-15', 'Z006', 'Volunteers help restore habitats in the Lake Zone'),
('E026', 'Wetland Conservation Awareness', '2024-04-18', 'Z010', 'Awareness program focusing on wetland conservation'),
('E027', 'Mountain Climbing Adventure', '2024-04-20', 'Z007', 'Climbing adventure through the rugged mountain zones'),
('E028', 'Savanna Exploration Walk', '2024-04-22', 'Z011', 'Guided walk through the savanna to learn about its ecosystem'),
('E029', 'Photography Tour - Savanna', '2024-04-23', 'Z011', 'Photography tour through the beautiful savanna landscape'),
('E030', 'Desert Wildlife Exploration', '2024-04-24', 'Z008', 'Discover the unique wildlife of the desert'),
('E031', 'Eco-Friendly Practices for Tourists', '2024-04-26', 'Z002', 'Seminar on eco-friendly practices for tourists'),
('E032', 'Bird Watching in the North', '2024-04-27', 'Z001', 'Bird watching activity in the northern zone'),
('E033', 'Park Safety and First Aid Training', '2024-04-30', 'Z003', 'Training for park staff and tourists on safety and first aid'),
('E034', 'Mountain Photography Expedition', '2024-05-01', 'Z007', 'Photography expedition to capture the beauty of the mountains'),
('E035', 'Reptile Awareness Event', '2024-05-05', 'Z004', 'Educational event focusing on reptiles and amphibians'),
('E036', 'Desert Habitat Restoration', '2024-05-07', 'Z008', 'Volunteer program for desert habitat restoration'),
('E037', 'Aquatic Life Exploration', '2024-05-08', 'Z010', 'Exploring the aquatic life in wetland ecosystems'),
('E038', 'Savanna Plant Life Workshop', '2024-05-10', 'Z011', 'Workshop on identifying and preserving plants in the savanna'),
('E039', 'Rainforest Photography Expedition', '2024-05-12', 'Z009', 'Photography expedition to capture the beauty of the rainforest'),
('E040', 'Desert Wildlife Conservation', '2024-05-14', 'Z008', 'Program on conserving desert wildlife'),
('E041', 'Savanna Wildlife Safari', '2024-05-16', 'Z011', 'Safari tour to observe wildlife in the savanna'),
('E042', 'Wetland Photography Workshop', '2024-05-18', 'Z010', 'Photography workshop focused on wetland landscapes'),
('E043', 'Eco-Tourism and Sustainable Travel', '2024-05-20', 'Z001', 'Seminar on sustainable travel and eco-tourism practices'),
('E044', 'Nature Walk for Kids', '2024-05-22', 'Z003', 'Fun and educational nature walk for children'),
('E045', 'Bird Watching in the Rainforest', '2024-05-24', 'Z009', 'Special bird-watching event in the rainforest zone'),
('E046', 'Hiking and Photography Adventure', '2024-05-26', 'Z007', 'Combination hiking and photography tour'),
('E047', 'Desert Night Safari', '2024-05-28', 'Z008', 'Safari tour at night through the desert'),
('E048', 'Volunteer Habitat Restoration - Wetlands', '2024-06-01', 'Z010', 'Volunteers work on restoring wetland habitats'),
('E049', 'Eco-Workshop on Sustainable Living', '2024-06-03', 'Z001', 'Workshop on eco-friendly living and sustainability'),
('E050', 'Reptile Rescue Program', '2024-06-05', 'Z004', 'Rescue and rehabilitation program for reptiles'),
('E051', 'Mountain Trekking and Photography', '2024-06-07', 'Z007', 'Mountain trekking with a photography workshop'),
('E052', 'Savanna Sunset Photography', '2024-06-10', 'Z011', 'Photography session to capture the sunset over the savanna'),
('E053', 'Wetland Conservation Hike', '2024-06-12', 'Z010', 'Conservation-focused hike through the wetland zone'),
('E054', 'Forest Research and Exploration', '2024-06-15', 'Z003', 'Research trip focused on forest ecosystems'),
('E055', 'Desert Adventure Photography', '2024-06-18', 'Z008', 'Photography adventure through the desert zone'),
('E056', 'Bird Watching and Nature Photography', '2024-06-20', 'Z001', 'Bird-watching and nature photography event'),
('E057', 'Rainforest Expedition for Educators', '2024-06-22', 'Z009', 'Educational expedition for teachers and environmentalists'),
('E058', 'Park Rangers Field Day', '2024-06-25', 'Z007', 'Field day for park rangers and new recruits'),
('E059', 'Savanna Ecological Study', '2024-06-27', 'Z011', 'Study of savanna ecology and conservation efforts'),
('E060', 'Wetland Bird Watching', '2024-06-30', 'Z010', 'Bird-watching event focusing on wetland species'),
('E061', 'Photography Workshop - Nature', '2024-07-02', 'Z002', 'Photography workshop focused on capturing wildlife in nature'),
('E062', 'Mountain Wildlife Observation', '2024-07-04', 'Z007', 'Observation and study of wildlife in mountain ecosystems'),
('E063', 'Desert Plant Identification', '2024-07-06', 'Z008', 'Learning how to identify desert plants and species'),
('E064', 'Rainforest Nature Walk', '2024-07-08', 'Z009', 'Guided walk through the rainforest to explore its biodiversity'),
('E065', 'Volunteer Nature Cleanup', '2024-07-10', 'Z006', 'Volunteer to clean up the lake and surrounding area'),
('E066', 'Photography and Wildlife Tour', '2024-07-12', 'Z001', 'Combination tour focused on photography and wildlife spotting'),
('E067', 'Eco-Tourism Guide Training', '2024-07-14', 'Z004', 'Training program for new eco-tourism guides'),
('E068', 'Savanna Night Safari', '2024-07-16', 'Z011', 'Night safari in the savanna to observe nocturnal wildlife'),
('E069', 'Desert Ecology Workshop', '2024-07-18', 'Z008', 'Workshop on desert ecosystems and wildlife'),
('E070', 'Rainforest Photography Tour', '2024-07-20', 'Z009', 'Photography tour focused on rainforest landscapes'),
('E071', 'Wildlife and Habitat Protection', '2024-07-22', 'Z002', 'Workshop on protecting wildlife habitats'),
('E072', 'Desert Survival Adventure', '2024-07-24', 'Z008', 'Adventure event teaching survival skills in desert environments'),
('E073', 'Savanna Exploration and Conservation', '2024-07-26', 'Z011', 'Conservation-focused exploration of the savanna'),
('E074', 'Wetland Conservation Project', '2024-07-28', 'Z010', 'Hands-on wetland conservation project for volunteers'),
('E075', 'Mountain Photography Challenge', '2024-07-30', 'Z007', 'Photography competition focused on mountain landscapes'),
('E076', 'Eco-Friendly Travel Tips', '2024-08-01', 'Z001', 'Tips for travelers on how to be eco-friendly'),
('E077', 'Bird Watching in the South', '2024-08-03', 'Z002', 'Bird-watching event focusing on southern bird species'),
('E078', 'Wildlife Awareness Program', '2024-08-05', 'Z009', 'Program raising awareness about rainforest wildlife'),
('E079', 'Desert Flora Study', '2024-08-07', 'Z008', 'Study of desert plants and their survival strategies'),
('E080', 'Savanna Wildlife Research', '2024-08-09', 'Z011', 'Research event focused on wildlife in the savanna'),
('E081', 'Rainforest Biodiversity Exploration', '2024-08-11', 'Z009', 'Exploring the biodiversity of rainforest zones'),
('E082', 'Wetland Ecosystem Study', '2024-08-13', 'Z010', 'Study of wetland ecosystems and their preservation'),
('E083', 'Mountain Trek and Photography Tour', '2024-08-15', 'Z007', 'Trekking and photography tour through the mountains'),
('E084', 'Eco-Conservation Volunteer Program', '2024-08-17', 'Z003', 'Volunteer program for wildlife and eco-conservation efforts'),
('E085', 'Desert Exploration Safari', '2024-08-19', 'Z008', 'Exploration tour focused on desert wildlife'),
('E086', 'Rainforest Conservation Workshop', '2024-08-21', 'Z009', 'Workshop focused on conservation efforts in the rainforest'),
('E087', 'Wetland Wildlife Habitat Exploration', '2024-08-23', 'Z010', 'Exploring wildlife habitats in wetland ecosystems');

-- Chèn dữ liệu vào bảng EndangeredSpecies
INSERT INTO EndangeredSpecies (AnimalID, Threats, ProtectionMeasures) VALUES
('A001', 'Habitat loss, Poaching, Human-wildlife conflict, Climate change', 'Strict anti-poaching measures, Habitat restoration, Conservation corridors, Education programs'),
('A002', 'Habitat loss, Poaching, Human-wildlife conflict, Climate change', 'Conservation corridors, Protected areas, Anti-poaching campaigns, Community-based conservation'),
('A003', 'Habitat loss, Poaching, Climate change, Deforestation, Hunting for fur', 'Protected areas, Anti-poaching patrols, Breeding programs, Education on wildlife protection'),
('A004', 'Habitat loss, Poaching, Human-wildlife conflict, Deforestation, Climate change', 'Protected reserves, Habitat restoration, Anti-poaching measures, Public awareness programs'),
('A007', 'Poaching, Habitat loss, Human-wildlife conflict, Climate change', 'Protected areas, Law enforcement, Community education, Habitat restoration projects'),
('A009', 'Poaching, Habitat loss, Climate change, Human-wildlife conflict', 'Anti-poaching campaigns, Wildlife reserves, Law enforcement, Public awareness campaigns'),
('A010', 'Poaching, Habitat loss, Climate change, Illegal logging, Hunting for body parts', 'Strict anti-poaching laws, Habitat restoration, Conservation programs, Education on the importance of orangutans'),
('A011', 'Poaching, Habitat loss, Climate change, Natural disasters', 'Wildlife protection laws, Habitat restoration, Sustainable tourism practices, Education on the species’ importance'),
('A012', 'Poaching, Habitat loss, Overfishing, Climate change', 'Conservation programs, Marine protected areas, Sustainable fishing practices, Anti-poaching patrols'),
('A013', 'Poaching, Habitat loss, Climate change, Overgrazing, Human-wildlife conflict', 'Conservation breeding programs, Anti-poaching efforts, Habitat restoration, Community involvement'),
('A017', 'Poaching, Habitat loss, Climate change, Human-wildlife conflict, Deforestation', 'Protected areas, Anti-poaching patrols, Education programs, Habitat restoration'),
('A019', 'Poaching, Habitat loss, Climate change, Pollution, Human-wildlife conflict', 'Wildlife protection laws, Habitat restoration, Law enforcement, Public education programs'),
('A025', 'Overfishing, Habitat loss, Climate change, Pollution, Human disturbance', 'Marine protected areas, Sustainable fishing practices, Anti-poaching measures, Awareness programs'),
('A029', 'Poaching, Habitat loss, Climate change, Overfishing, Human-wildlife conflict', 'Habitat protection, Anti-poaching patrols, Conservation programs, Public awareness campaigns'),
('A051', 'Poaching, Habitat loss, Overfishing, Climate change, Pollution', 'Marine protected areas, Conservation efforts, Anti-poaching laws, Sustainable fisheries practices'),
('A083', 'Poaching, Habitat loss, Climate change, Deforestation, Human-wildlife conflict', 'Conservation breeding programs, Anti-poaching efforts, Community engagement, Habitat restoration'),
('A084', 'Poaching, Habitat loss, Human-wildlife conflict, Climate change, Fire', 'Protected areas, Anti-poaching patrols, Public education, Habitat restoration')